"","varname","form","par1","par2","par3","par4","lower.trun","upper.trun","resamp","min.age","max.age","gender","season","media"
"1","avail.f","point",0.5,"NA","NA","NA","NA","NA",NA,"NA","NA","NA","NA","NA"
"2","dermal.tc","lognormal",250,"1.93","NA","NA","NA","1000","no","NA","NA","NA","NA","NA"
"3","om.ratio","triangle",0.001,"4.0000000000000001E-3","2E-3","NA","NA","NA","NA","0","5","NA","NA","NA"
"4","om.ratio","triangle",1e-04,"4.0000000000000002E-4","2.0000000000000001E-4","NA","NA","NA","NA","6","99","NA","NA","NA"
"5","bath.p","binomial",0.8,"NA","NA","NA","NA","NA","NA","NA","NA","NA","NA","NA"
"6","handmouth.area.f","beta",3.7,"25","NA","NA","NA","NA","NA","0","5","NA","NA","NA"
"7","handmouth.area.f","uniform",0,"0.1","NA","NA","NA","NA","NA","6","10","NA","NA","NA"
"8","handmouth.area.f","uniform",0,"0.02","NA","NA","NA","NA","NA","11","99","NA","NA","NA"
"9","handmouth.freq","weibull",0.75,"12.59","NA","NA","NA","60","no","NA","NA","NA","NA","NA"
"10","handwash.freq","lognormal",3.6,"2","NA","NA","1","12","no","NA","NA","NA","NA","NA"
"11","ingest.abs.f","uniform",0.4,"0.8","NA","NA","NA","NA","NA","NA","NA","NA","NA","NA"
"12","inhal.abs.f","point",0.5,"NA","NA","NA","NA","NA","NA","NA","NA","NA","NA","NA"
"13","rem.bath.f","beta",4,"1.36","NA","NA","NA","NA","NA","NA","NA","NA","NA","NA"
"14","rem.handwash.f","triangle",0.05,"0.5","0.25","NA","NA","NA","NA","NA","NA","NA","NA","NA"
"15","rem.brushoff.f","triangle",0.01,"0.25","0.05","NA","NA","NA","NA","NA","NA","NA","NA","NA"
"16","rem.derm.abs.f","triangle",0.001,"0.01","4.0000000000000001E-3","NA","NA","NA","NA","NA","NA","NA","NA","NA"
"17","urine.f","uniform",0.001,"0.01","NA","NA","NA","NA","NA","NA","NA","NA","NA","NA"
