"","micro","micro.label","media","type","contact.p","media.label"
"1","in.awk","Inside Home Awake","In.Awk.Air","Air",1,"Inside Awake-Air"
"2","in.awk","Inside Home Awake","In.Awk.Pet","Pet",0,"Inside Awake-Pet"
"3","in.awk","Inside Home Awake","In.Awk.Srf","Srf",1,"Inside Awake-Surface"
"4","in.slp","Inside Home Asleep","In.Slp.Air","Air",1,"Inside Asleep-Air"
"5","in.slp","Inside Home Asleep","In.Slp.Srf","Srf",0,"Inside Asleep-Surface"
"6","in.wrk","Inside at Work/School","In.Wk.Air","Air",0,"Inside Work-Air"
"7","in.wrk","Inside at Work/School","In.Wk.Srf","Srf",0,"Inside Work-Surface"
"8","in.oth","Inside Other","In.Oth.Air","Air",0,"Inside Other-Air"
"9","in.oth","Inside Other","In.Oth.Srf","Srf",0,"Inside Other-Surface"
"10","in.veh","Inside Vehicle","Veh.Air","Air",0,"Vehicle-Air"
"11","in.veh","Inside Vehicle","Veh.Srf","Srf",0,"Vehicle-Surface"
"12","out.hm","Outside at Home","Out.Hm.Air","Air",0,"Outside Home-Air"
"13","out.hm","Outside at Home","Out.Hm.Pet","Pet",0,"Outside Home-Pet"
"14","out.hm","Outside at Home","Out.Hm.Srf","Srf",0,"Outside Home-Surface"
"15","out.wrk","Outside at Work/School","Out.Wk.Air","Air",0,"Outside Work-Air"
"16","out.wrk","Outside at Work/School","Out.Wk.Srf","Srf",0,"Outside Work-Surface"
"17","out.oth","Outside Other","Out.Oth.Air","Air",0,"Outside Other-Air"
"18","out.oth","Outside Other","Out.Oth.Srf","Srf",0,"Outside Other-Surface"
