"","Source.Type","Source.ID","Source.Description","Variable","Chemical","Units","Gender","Min.Age","Max.Age","Form","Mean","CV","distrib_source","run_param"
"1","Product","P.PC.200.000","body wash","chem.prev","123-91-1","[-]","B",0,99,"point",0.9047619,0,"database","high"
"2","Product","P.IH.260.013","laundry detergent liquid","chem.prev","123-91-1","[-]","B",0,99,"point",0.7777778,0,"database","high"
"3","Product","P.PC.820.004","shampoo dandruff","chem.prev","123-91-1","[-]","B",0,99,"point",0.826087,0,"database","high"
"4","Product","P.IH.030.007","automatic dishwashing detergent gel","chem.prev","123-91-1","[-]","B",0,99,"point",1,0,"database","high"
"5","Product","P.PC.610.000","hand soap","chem.prev","123-91-1","[-]","B",0,99,"point",1,0,"database","high"
"6","Product","P.IH.260.023","laundry detergent powder","chem.prev","123-91-1","[-]","B",0,99,"point",0.7777778,0,"database","high"
"7","Product","P.IH.260.999","laundry detergent NOC","chem.prev","123-91-1","[-]","B",0,99,"point",0.7777778,0,"database","high"
"8","Product","P.PC.820.999","shampoo NOC","chem.prev","123-91-1","[-]","B",0,99,"point",0.826087,0,"database","high"
"9","Product","P.IH.030.023","automatic dishwashing detergent powder","chem.prev","123-91-1","[-]","B",0,99,"point",1,0,"database","high"
"10","Product","P.IH.030.999","automatic dishwashing detergent NOC","chem.prev","123-91-1","[-]","B",0,99,"point",1,0,"database","high"
"11","Product","P.PC.220.000","bubble bath","chem.prev","123-91-1","[-]","B",0,99,"point",0.9310345,0,"database","high"
"12","Product","P.PC.200.000","body wash","f.chemical","123-91-1","[-]","B",0,99,"lognormal",4.891579e-06,1.3790439,"database","low, high"
"13","Product","P.IH.260.013","laundry detergent liquid","f.chemical","123-91-1","[-]","B",0,99,"lognormal",5.929286e-06,0.7033895,"database","low, high"
"14","Product","P.PC.820.004","shampoo dandruff","f.chemical","123-91-1","[-]","B",0,99,"lognormal",2.012632e-06,0.6592905,"database","low, high"
"15","Product","P.IH.030.007","automatic dishwashing detergent gel","f.chemical","123-91-1","[-]","B",0,99,"lognormal",4.6e-06,0.504001,"database","low, high"
"16","Product","P.PC.610.000","hand soap","f.chemical","123-91-1","[-]","B",0,99,"lognormal",9.3e-07,0.7568243,"database","low, high"
"17","Product","P.IH.260.023","laundry detergent powder","f.chemical","123-91-1","[-]","B",0,99,"lognormal",5.929286e-06,0.7033895,"database","low, high"
"18","Product","P.IH.260.999","laundry detergent NOC","f.chemical","123-91-1","[-]","B",0,99,"lognormal",5.929286e-06,0.7033895,"database","low, high"
"19","Product","P.PC.820.999","shampoo NOC","f.chemical","123-91-1","[-]","B",0,99,"lognormal",2.012632e-06,0.6592905,"database","low, high"
"20","Product","P.IH.030.023","automatic dishwashing detergent powder","f.chemical","123-91-1","[-]","B",0,99,"lognormal",4.6e-06,0.504001,"database","low, high"
"21","Product","P.IH.030.999","automatic dishwashing detergent NOC","f.chemical","123-91-1","[-]","B",0,99,"lognormal",4.6e-06,0.504001,"database","low, high"
"22","Product","P.PC.220.000","bubble bath","f.chemical","123-91-1","[-]","B",0,99,"lognormal",1.846667e-06,1.4281695,"database","low, high"
