"","source.type","source.id","source.description","variable","units","mean","CV","form","min.age","max.age","gender","distrib_source","cluster","rate","run_param"
"1","Product","Water","General","f.residual","[-]",0.01,0,"point",0,99,"B","guess",NA,NA,"US, CA"
"2","Product","Water","General","volume","m^3",24,0,"Point",0,99,"B","guess",NA,NA,"US, CA"
"3","Product","Water","General","f.drain","[-]",0.995,0.005,"Uniform",0,99,"B","sheds_diary",NA,NA,"US, CA"
"4","Product","Water","General","mass","g",324409.5,0.2226646,"normal",0,99,"B","usgs_ca",NA,NA,"CA"
"5","Product","Water","General","use.freq","1/year",365,0,"lognormal",0,99,"B","guess",NA,NA,"US, CA"
"6","Product","Water","General","duration","minutes",8.7,1,"lognormal",0,99,"B","ca_wateruse",NA,NA,"US, CA"
"7","Product","Water","General","use.prev","[-]",1,0,"point",0,99,"B","guess",NA,NA,"US, CA"
"8","Product","Water","General","f.contact","[-]",1,0,"Point",0,99,"B","guess",NA,NA,"US, CA"
"9","Product","Water","General","house.prev","[-]",1,0,"point",0,99,"B","guess",NA,NA,"US, CA"
"10","Product","Water","General","f.aerosol","[-]",0,0,"Uniform",0,99,"B","guess",NA,NA,"US, CA"
"11","Product","P.PC.200.000","body wash","f.residual","[-]",0.05,0,"point",0,99,"B","default",NA,NA,"US, CA"
"12","Product","P.PC.200.000","body wash","volume","m^3",24,0,"Point",0,99,"B","default",NA,NA,"US, CA"
"13","Product","P.PC.200.000","body wash","f.drain","[-]",1,0,"Uniform",0,99,"B","default",NA,NA,"US, CA"
"14","Product","P.PC.200.000","body wash","mass","g",12,1,"Lognormal",0,99,"B","default",NA,NA,"US, CA"
"15","Product","P.PC.200.000","body wash","use.freq","1/year",365,1,"lognormal",0,99,"B","default",NA,NA,"US, CA"
"16","Product","P.PC.200.000","body wash","duration","minutes",10,1,"Lognormal",0,99,"B","default",NA,NA,"US, CA"
"17","Product","P.PC.200.000","body wash","use.prev","[-]",0.6,1,"point",0,12,"B","default",NA,NA,"US, CA"
"18","Product","P.PC.200.000","body wash","use.prev","[-]",0.4,1,"point",13,99,"M","default",NA,NA,"US, CA"
"19","Product","P.PC.200.000","body wash","use.prev","[-]",0.13,1,"point",13,99,"W","default",NA,NA,"US, CA"
"20","Product","P.PC.200.000","body wash","f.contact","[-]",1,0,"Point",0,99,"B","default",NA,NA,"US, CA"
"21","Product","P.PC.200.000","body wash","house.prev","[-]",0.6,1,"point",0,99,"B","default",NA,NA,"US, CA"
"22","Product","P.IH.260.013","laundry detergent-liquid","f.residual","[-]",0.01,0,"point",0,99,"B","default",NA,NA,"US, CA"
"23","Product","P.IH.260.013","laundry detergent-liquid","volume","m^3",24,0,"Point",0,99,"B","default",NA,NA,"US, CA"
"24","Product","P.IH.260.013","laundry detergent-liquid","f.drain","[-]",1,0,"Uniform",0,99,"B","default",NA,NA,"US, CA"
"25","Product","P.IH.260.013","laundry detergent-liquid","mass","g",155,1,"Lognormal",0,99,"B","default",NA,NA,"US, CA"
"26","Product","P.IH.260.013","laundry detergent-liquid","use.freq","1/year",273,0.62,"lognormal",0,99,"B","EFH",NA,NA,"US, CA"
"27","Product","P.IH.260.013","laundry detergent-liquid","duration","minutes",5,1,"Lognormal",0,99,"B","default",NA,NA,"US, CA"
"28","Product","P.IH.260.013","laundry detergent-liquid","use.prev","[-]",0.1,1,"point",0,12,"B","default",NA,NA,"US, CA"
"29","Product","P.IH.260.013","laundry detergent-liquid","use.prev","[-]",0.8,1,"point",13,99,"M","default",NA,NA,"US, CA"
"30","Product","P.IH.260.013","laundry detergent-liquid","use.prev","[-]",1,1,"point",13,99,"W","default",NA,NA,"US, CA"
"31","Product","P.IH.260.013","laundry detergent-liquid","f.contact","[-]",0.01,0,"Point",0,99,"B","default",NA,NA,"US, CA"
"32","Product","P.IH.260.013","laundry detergent-liquid","house.prev","[-]",1,1,"point",0,99,"B","default","laundry",0.333333333333333,"US, CA"
"33","Product","P.IH.260.023","laundry detergent-powder","f.residual","[-]",0.01,0,"point",0,99,"B","default",NA,NA,"US, CA"
"34","Product","P.IH.260.023","laundry detergent-powder","volume","m^3",24,0,"Point",0,99,"B","default",NA,NA,"US, CA"
"35","Product","P.IH.260.023","laundry detergent-powder","f.drain","[-]",1,0,"Uniform",0,99,"B","default",NA,NA,"US, CA"
"36","Product","P.IH.260.023","laundry detergent-powder","mass","g",175,1,"Lognormal",0,99,"B","default",NA,NA,"US, CA"
"37","Product","P.IH.260.023","laundry detergent-powder","use.freq","1/year",273,0.62,"lognormal",0,99,"B","EFH",NA,NA,"US, CA"
"38","Product","P.IH.260.023","laundry detergent-powder","duration","minutes",5,1,"Lognormal",0,99,"B","default",NA,NA,"US, CA"
"39","Product","P.IH.260.023","laundry detergent-powder","use.prev","[-]",0.1,1,"point",0,12,"B","default",NA,NA,"US, CA"
"40","Product","P.IH.260.023","laundry detergent-powder","use.prev","[-]",0.8,1,"point",13,99,"M","default",NA,NA,"US, CA"
"41","Product","P.IH.260.023","laundry detergent-powder","use.prev","[-]",1,1,"point",13,99,"W","default",NA,NA,"US, CA"
"42","Product","P.IH.260.023","laundry detergent-powder","f.contact","[-]",0.01,0,"Point",0,99,"B","default",NA,NA,"US, CA"
"43","Product","P.IH.260.023","laundry detergent-powder","house.prev","[-]",1,1,"point",0,99,"B","default","laundry",0.333333333333333,"US, CA"
"44","Product","P.IH.260.999","laundry detergent-NOC","f.residual","[-]",0.01,0,"point",0,99,"B","default",NA,NA,"US, CA"
"45","Product","P.IH.260.999","laundry detergent-NOC","volume","m^3",24,0,"Point",0,99,"B","default",NA,NA,"US, CA"
"46","Product","P.IH.260.999","laundry detergent-NOC","f.drain","[-]",1,0,"Uniform",0,99,"B","default",NA,NA,"US, CA"
"47","Product","P.IH.260.999","laundry detergent-NOC","mass","g",175,1,"Lognormal",0,99,"B","default",NA,NA,"US, CA"
"48","Product","P.IH.260.999","laundry detergent-NOC","use.freq","1/year",273,0.62,"lognormal",0,99,"B","EFH",NA,NA,"US, CA"
"49","Product","P.IH.260.999","laundry detergent-NOC","duration","minutes",5,1,"Lognormal",0,99,"B","default",NA,NA,"US, CA"
"50","Product","P.IH.260.999","laundry detergent-NOC","use.prev","[-]",0.1,1,"point",0,12,"B","default",NA,NA,"US, CA"
"51","Product","P.IH.260.999","laundry detergent-NOC","use.prev","[-]",0.8,1,"point",13,99,"M","default",NA,NA,"US, CA"
"52","Product","P.IH.260.999","laundry detergent-NOC","use.prev","[-]",1,1,"point",13,99,"W","default",NA,NA,"US, CA"
"53","Product","P.IH.260.999","laundry detergent-NOC","f.contact","[-]",0.01,0,"Point",0,99,"B","default",NA,NA,"US, CA"
"54","Product","P.IH.260.999","laundry detergent-NOC","house.prev","[-]",1,1,"point",0,99,"B","default","laundry",0.333333333333333,"US, CA"
"55","Product","P.IH.030.007","automatic dishwashing detergent-gel","f.residual","[-]",0.01,0,"point",0,99,"B","default",NA,NA,"US, CA"
"56","Product","P.IH.030.007","automatic dishwashing detergent-gel","volume","m^3",24,0,"Point",0,99,"B","default",NA,NA,"US, CA"
"57","Product","P.IH.030.007","automatic dishwashing detergent-gel","f.drain","[-]",1,0,"Uniform",0,99,"B","default",NA,NA,"US, CA"
"58","Product","P.IH.030.007","automatic dishwashing detergent-gel","mass","g",100,1,"Lognormal",0,99,"B","default",NA,NA,"US, CA"
"59","Product","P.IH.030.007","automatic dishwashing detergent-gel","use.freq","1/year",241,0.47,"lognormal",0,99,"B","default",NA,NA,"US, CA"
"60","Product","P.IH.030.007","automatic dishwashing detergent-gel","duration","minutes",5,1,"Lognormal",0,99,"B","default",NA,NA,"US, CA"
"61","Product","P.IH.030.007","automatic dishwashing detergent-gel","use.prev","[-]",0.05,1,"point",0,12,"B","default",NA,NA,"US, CA"
"62","Product","P.IH.030.007","automatic dishwashing detergent-gel","use.prev","[-]",0.7,1,"point",13,99,"M","default",NA,NA,"US, CA"
"63","Product","P.IH.030.007","automatic dishwashing detergent-gel","use.prev","[-]",0.7,1,"point",13,99,"W","default",NA,NA,"US, CA"
"64","Product","P.IH.030.007","automatic dishwashing detergent-gel","f.contact","[-]",0.01,0,"Point",0,99,"B","default",NA,NA,"US, CA"
"65","Product","P.IH.030.007","automatic dishwashing detergent-gel","house.prev","[-]",0.7,1,"point",0,99,"B","default","dish",0.333333333333333,"US, CA"
"66","Product","P.IH.030.023","automatic dishwashing detergent-powder","f.residual","[-]",0.01,0,"point",0,99,"B","default",NA,NA,"US, CA"
"67","Product","P.IH.030.023","automatic dishwashing detergent-powder","volume","m^3",24,0,"Point",0,99,"B","default",NA,NA,"US, CA"
"68","Product","P.IH.030.023","automatic dishwashing detergent-powder","f.drain","[-]",1,0,"Uniform",0,99,"B","default",NA,NA,"US, CA"
"69","Product","P.IH.030.023","automatic dishwashing detergent-powder","mass","g",200,1,"Lognormal",0,99,"B","default",NA,NA,"US, CA"
"70","Product","P.IH.030.023","automatic dishwashing detergent-powder","use.freq","1/year",241,0.47,"lognormal",0,99,"B","default",NA,NA,"US, CA"
"71","Product","P.IH.030.023","automatic dishwashing detergent-powder","duration","minutes",5,1,"Lognormal",0,99,"B","default",NA,NA,"US, CA"
"72","Product","P.IH.030.023","automatic dishwashing detergent-powder","use.prev","[-]",0.05,1,"point",0,12,"B","default",NA,NA,"US, CA"
"73","Product","P.IH.030.023","automatic dishwashing detergent-powder","use.prev","[-]",0.7,1,"point",13,99,"M","default",NA,NA,"US, CA"
"74","Product","P.IH.030.023","automatic dishwashing detergent-powder","use.prev","[-]",0.7,1,"point",13,99,"W","default",NA,NA,"US, CA"
"75","Product","P.IH.030.023","automatic dishwashing detergent-powder","f.contact","[-]",0.01,0,"Point",0,99,"B","default",NA,NA,"US, CA"
"76","Product","P.IH.030.023","automatic dishwashing detergent-powder","house.prev","[-]",0.7,1,"point",0,99,"B","default","dish",0.333333333333333,"US, CA"
"77","Product","P.IH.030.999","automatic dishwashing detergent-NOC","f.residual","[-]",0.01,0,"point",0,99,"B","default",NA,NA,"US, CA"
"78","Product","P.IH.030.999","automatic dishwashing detergent-NOC","volume","m^3",24,0,"Point",0,99,"B","default",NA,NA,"US, CA"
"79","Product","P.IH.030.999","automatic dishwashing detergent-NOC","f.drain","[-]",1,0,"Uniform",0,99,"B","default",NA,NA,"US, CA"
"80","Product","P.IH.030.999","automatic dishwashing detergent-NOC","mass","g",150,1,"Lognormal",0,99,"B","default",NA,NA,"US, CA"
"81","Product","P.IH.030.999","automatic dishwashing detergent-NOC","use.freq","1/year",241,0.47,"lognormal",0,99,"B","default",NA,NA,"US, CA"
"82","Product","P.IH.030.999","automatic dishwashing detergent-NOC","duration","minutes",5,1,"Lognormal",0,99,"B","default",NA,NA,"US, CA"
"83","Product","P.IH.030.999","automatic dishwashing detergent-NOC","use.prev","[-]",0.05,1,"point",0,12,"B","default",NA,NA,"US, CA"
"84","Product","P.IH.030.999","automatic dishwashing detergent-NOC","use.prev","[-]",0.7,1,"point",13,99,"M","default",NA,NA,"US, CA"
"85","Product","P.IH.030.999","automatic dishwashing detergent-NOC","use.prev","[-]",0.7,1,"point",13,99,"W","default",NA,NA,"US, CA"
"86","Product","P.IH.030.999","automatic dishwashing detergent-NOC","f.contact","[-]",0.01,0,"Point",0,99,"B","default",NA,NA,"US, CA"
"87","Product","P.IH.030.999","automatic dishwashing detergent-NOC","house.prev","[-]",0.7,1,"point",0,99,"B","default","dish",0.333333333333333,"US, CA"
"88","Product","P.PC.820.004","shampoo-dandruff","f.residual","[-]",0.01,0,"point",0,99,"B","default",NA,NA,"US, CA"
"89","Product","P.PC.820.004","shampoo-dandruff","volume","m^3",24,0,"Point",0,99,"B","default",NA,NA,"US, CA"
"90","Product","P.PC.820.004","shampoo-dandruff","f.drain","[-]",1,0,"Uniform",0,99,"B","default",NA,NA,"US, CA"
"91","Product","P.PC.820.004","shampoo-dandruff","mass","g",15,1,"Lognormal",0,99,"B","default",NA,NA,"US, CA"
"92","Product","P.PC.820.004","shampoo-dandruff","use.freq","1/year",255,1,"lognormal",0,99,"B","default",NA,NA,"US, CA"
"93","Product","P.PC.820.004","shampoo-dandruff","duration","minutes",4,1,"Lognormal",0,99,"B","default",NA,NA,"US, CA"
"94","Product","P.PC.820.004","shampoo-dandruff","use.prev","[-]",0.05,1,"point",0,12,"B","default",NA,NA,"US, CA"
"95","Product","P.PC.820.004","shampoo-dandruff","use.prev","[-]",0.1,1,"point",13,99,"M","default",NA,NA,"US, CA"
"96","Product","P.PC.820.004","shampoo-dandruff","use.prev","[-]",0.1,1,"point",13,99,"W","default",NA,NA,"US, CA"
"97","Product","P.PC.820.004","shampoo-dandruff","f.contact","[-]",0.5,0,"Point",0,99,"B","default",NA,NA,"US, CA"
"98","Product","P.PC.820.004","shampoo-dandruff","house.prev","[-]",0.1,1,"point",0,99,"B","default","shampoo",0.1,"US, CA"
"99","Product","P.PC.820.999","shampoo-NOC","f.residual","[-]",0.01,0,"point",0,99,"B","default",NA,NA,"US, CA"
"100","Product","P.PC.820.999","shampoo-NOC","volume","m^3",24,0,"Point",0,99,"B","default",NA,NA,"US, CA"
"101","Product","P.PC.820.999","shampoo-NOC","f.drain","[-]",1,0,"Uniform",0,99,"B","default",NA,NA,"US, CA"
"102","Product","P.PC.820.999","shampoo-NOC","mass","g",0.5,1,"Lognormal",0,12,"B","default",NA,NA,"US, CA"
"103","Product","P.PC.820.999","shampoo-NOC","mass","g",15,1,"Lognormal",13,99,"B","default",NA,NA,"US, CA"
"104","Product","P.PC.820.999","shampoo-NOC","use.freq","1/year",255,1,"lognormal",0,12,"B","default",NA,NA,"US, CA"
"105","Product","P.PC.820.999","shampoo-NOC","use.freq","1/year",119,1,"lognormal",13,99,"B","default",NA,NA,"US, CA"
"106","Product","P.PC.820.999","shampoo-NOC","duration","minutes",4,1,"Lognormal",0,99,"B","default",NA,NA,"US, CA"
"107","Product","P.PC.820.999","shampoo-NOC","use.prev","[-]",1,1,"point",0,12,"B","default",NA,NA,"US, CA"
"108","Product","P.PC.820.999","shampoo-NOC","use.prev","[-]",1,1,"point",13,99,"M","default",NA,NA,"US, CA"
"109","Product","P.PC.820.999","shampoo-NOC","use.prev","[-]",1,1,"point",13,99,"W","default",NA,NA,"US, CA"
"110","Product","P.PC.820.999","shampoo-NOC","f.contact","[-]",0.5,0,"Point",0,99,"B","default",NA,NA,"US, CA"
"111","Product","P.PC.820.999","shampoo-NOC","house.prev","[-]",1,1,"point",0,99,"B","default","shampoo",1,"US, CA"
"112","Product","P.PC.610.000","hand soap","f.residual","[-]",0.01,0,"point",0,99,"B","default",NA,NA,"US, CA"
"113","Product","P.PC.610.000","hand soap","volume","m^3",24,0,"Point",0,99,"B","default",NA,NA,"US, CA"
"114","Product","P.PC.610.000","hand soap","f.drain","[-]",1,0,"Uniform",0,99,"B","default",NA,NA,"US, CA"
"115","Product","P.PC.610.000","hand soap","mass","g",1,1,"Lognormal",0,99,"B","default",NA,NA,"US, CA"
"116","Product","P.PC.610.000","hand soap","use.freq","1/year",1800,1,"lognormal",0,99,"B","default",NA,NA,"US, CA"
"117","Product","P.PC.610.000","hand soap","duration","minutes",2,1,"Lognormal",0,99,"B","default",NA,NA,"US, CA"
"118","Product","P.PC.610.000","hand soap","use.prev","[-]",0.95,1,"point",0,12,"B","default",NA,NA,"US, CA"
"119","Product","P.PC.610.000","hand soap","use.prev","[-]",0.95,1,"point",13,99,"M","default",NA,NA,"US, CA"
"120","Product","P.PC.610.000","hand soap","use.prev","[-]",0.95,1,"point",13,99,"W","default",NA,NA,"US, CA"
"121","Product","P.PC.610.000","hand soap","f.contact","[-]",1,0,"Point",0,99,"B","default",NA,NA,"US, CA"
"122","Product","P.PC.610.000","hand soap","house.prev","[-]",0.95,1,"point",0,99,"B","default",NA,NA,"US, CA"
"123","Product","P.PC.220.000","bubble bath","f.residual","[-]",0.05,0,"point",0,99,"B","default",NA,NA,"US, CA"
"124","Product","P.PC.220.000","bubble bath","volume","m^3",24,0,"Point",0,99,"B","default",NA,NA,"US, CA"
"125","Product","P.PC.220.000","bubble bath","f.drain","[-]",1,0,"Uniform",0,99,"B","default",NA,NA,"US, CA"
"126","Product","P.PC.220.000","bubble bath","mass","g",15,1,"Lognormal",0,99,"B","default",NA,NA,"US, CA"
"127","Product","P.PC.220.000","bubble bath","use.freq","1/year",53,1,"lognormal",0,99,"B","default",NA,NA,"US, CA"
"128","Product","P.PC.220.000","bubble bath","duration","minutes",15,1,"Lognormal",0,99,"B","default",NA,NA,"US, CA"
"129","Product","P.PC.220.000","bubble bath","use.prev","[-]",0.43,1,"point",0,12,"B","default",NA,NA,"US, CA"
"130","Product","P.PC.220.000","bubble bath","use.prev","[-]",0.06,1,"point",13,99,"M","default",NA,NA,"US, CA"
"131","Product","P.PC.220.000","bubble bath","use.prev","[-]",0.2,1,"point",13,99,"W","default",NA,NA,"US, CA"
"132","Product","P.PC.220.000","bubble bath","f.contact","[-]",1,0,"Point",0,99,"B","default",NA,NA,"US, CA"
"133","Product","P.PC.220.000","bubble bath","house.prev","[-]",0.43,1,"point",0,99,"B","default",NA,NA,"US, CA"
