"","source.type","source.id","source.description","indoor","food.residue","food.migration","product.direct.dermal","product.direct.ingestion","product.direct.inhalationaerosol","product.direct.inhalationvapor","product.downthedrain","product.indirect","article.emission"
"1","Food","DW","FOOD; DW: DRINKING WATER",1,1,0,0,0,0,0,0,0,0
"2","Product","P.PC.200.000","body wash",1,0,0,1,0,0,1,1,0,0
"3","Product","P.IH.260.013","laundry detergent-liquid",1,0,0,1,0,0,1,1,0,0
"4","Product","P.IH.260.023","laundry detergent-powder",1,0,0,1,0,0,1,1,0,0
"5","Product","P.IH.260.999","laundry detergent-NOC",1,0,0,1,0,0,1,1,0,0
"6","Product","P.PC.820.004","shampoo-dandruff",1,0,0,1,0,0,1,1,0,0
"7","Product","P.PC.820.999","shampoo-NOC",1,0,0,1,0,0,1,1,0,0
"8","Product","P.IH.030.007","automatic dishwashing detergent-gel",1,0,0,1,0,0,1,1,0,0
"9","Product","P.IH.030.023","automatic dishwashing detergent-powder",1,0,0,1,0,0,1,1,0,0
"10","Product","P.IH.030.999","automatic dishwashing detergent-NOC",1,0,0,1,0,0,1,1,0,0
"11","Product","P.PC.610.000","hand soap",1,0,0,1,0,0,1,1,0,0
"12","Product","P.PC.220.000","bubble bath",1,0,0,1,0,0,1,1,0,0
"13","Product","water","general use",1,0,0,0,0,0,0,1,0,0
